<?xml version="1.0" encoding="UTF-8"?>
<execution>
  <sentence>
    <command>java</command>
    <option>-Xmx512000000</option>
    <option />
    <option>-jar</option>
    <option />
    <option />
    <executableFile>../exe/ADASYN-I.jar</executableFile>
    <scriptFile>./ADASYN-I/model2-20-80/config0s0.txt</scriptFile>
  </sentence>
  <sentence>
    <command>java</command>
    <option>-Xmx512000000</option>
    <option />
    <option>-jar</option>
    <option />
    <option />
    <executableFile>../exe/ADASYN-I.jar</executableFile>
    <scriptFile>./ADASYN-I/model2-20-80/config1s0.txt</scriptFile>
  </sentence>
  <sentence>
    <command>java</command>
    <option>-Xmx512000000</option>
    <option />
    <option>-jar</option>
    <option />
    <option />
    <executableFile>../exe/ADASYN-I.jar</executableFile>
    <scriptFile>./ADASYN-I/model2-20-80/config2s0.txt</scriptFile>
  </sentence>
  <sentence>
    <command>java</command>
    <option>-Xmx512000000</option>
    <option />
    <option>-jar</option>
    <option />
    <option />
    <executableFile>../exe/ADASYN-I.jar</executableFile>
    <scriptFile>./ADASYN-I/model2-20-80/config3s0.txt</scriptFile>
  </sentence>
  <sentence>
    <command>java</command>
    <option>-Xmx512000000</option>
    <option />
    <option>-jar</option>
    <option />
    <option />
    <executableFile>../exe/ADASYN-I.jar</executableFile>
    <scriptFile>./ADASYN-I/model2-20-80/config4s0.txt</scriptFile>
  </sentence>
</execution>

